{"settings":{"auto_goals":1,"button_goals":1,"c_recp":"1.00000","form_goals":1,"pcs":"1","webvisor":{"arch_type":"none","date":"2023-08-16 08:43:02","forms":0,"recp":"1.00000","urls":"regexp:.*"},"sbp": {"a":"4B17jnPt7MVLf/XJp/+uOPYkZzTW/hQkrZXJI5YHk1fZfljbXFw9dg7kA0d8VG7X", "b":"jCYGz3/3L3VeAPIAMG0RE9JpSa/vUPDiknSyV5Is1grqUnZs/Sv3cek8vpCb4jMG"},"eu":0,"hittoken":"1736242213_b3d41f3c47b76ccc9960b5aec5b9afb38435311899bf351d4326a425eafb6c1a","cf":1,"wstoken":"10611.u4V3F49XtAKxY7MefFBv0pmABfnbTJ44YBw2h52yXrYYgfvULHCD2oEeLUIFUpl4G7FxH6P-1Q6w7URIUf1p1Bj31ZljIdka0Q6bQhs3Nvw,.iiffT9RhYj4Acbsq2HpZ4rr_BqQ,"},"userData":{}}