{"settings":{"auto_goals":1,"button_goals":1,"c_recp":"1.00000","form_goals":1,"pcs":"1","webvisor":{"arch_type":"none","date":"2025-01-01 00:09:26","forms":1,"recp":"0.00120","urls":"regexp:.*"},"sbp": {"a":"iHi4YMP9WGJgy1w/G2aTOvgIsIg5tz+otP3iGRQMevRbjziRYv/u1bXJLIilaE6J", "b":"nML9nVCRyGFaZTRvNEHU6A2DdBcg8qSOZ/zlYp1qRk7wsN+Ni1EpU6DGR9M4Wa39"},"eu":0,"hittoken":"1736243132_0330994f31685791c462bfd326a512863eb1c94a5a2cabfadcba6427a73b1ec3","yb":1,"wstoken":"10611.sUhjwiKGKX-IB6SnxEf7G0bcivlV1Sad3QjX4ywLov1vhVP5lGKvIBc3CavPgqUVUPqxGFZqwy5EopQwUJOi2wCIPvSYrrlUNZZboMKaFiU,.4mG4JMFYxXZs-Pw4SIS9Va6RiSU,"},"userData":{}}