{"settings":{"auto_goals":1,"button_goals":1,"c_recp":"1.00000","form_goals":1,"pcs":"1","webvisor":{"arch_type":"none","date":"2025-01-01 00:09:26","forms":1,"recp":"0.00120","urls":"regexp:.*"},"sbp": {"a":"kdbuHGrhpjdPcwMA9Q5rq17np81RL6INTdX7MJwiB3CZ8KCuo1cRQjMtCPcBHxL1", "b":"XOTo90nqZGEAxilJQLyePSZnKtxi6ah6fhvoH+043/N8/ozt7TTsVIxJyEaPru+N"},"eu":0,"hittoken":"1736243136_11a5a40d5f0b8108dc16558dcb38b3e5a99040cad83a5fe35be762ece6ded070","yb":1,"wstoken":"10611.TBWGhyms3bQpxpVBtu6Zp-LfsJmRuSmEO-eGEfkBvnaKis7PvgLwf6HUf5BtQw0nI7UmQ8ZpWlMmEYdzBE6cYKz7AzKyVvDzB2qgjhXeGP4,.EkpX7RMfMCmPopSYpXLnX-p5j0c,"},"userData":{}}