{"settings":{"auto_goals":1,"button_goals":1,"c_recp":"1.00000","form_goals":1,"pcs":"1","webvisor":{"arch_type":"none","date":"2025-01-01 00:09:26","forms":1,"recp":"0.00120","urls":"regexp:.*"},"sbp": {"a":"jD0AJdr5Gg4aIHxPU9ZLhaq1NIB2m9030fWDhKi1egnIiw1FysY9WCitVBxV3rFc", "b":"GuSlVpOPvuZQevz5qUc69/J/LKafhgiZ6RDnW1uikrTYeHiZqTEnssKdKKWBrpBY"},"eu":0,"hittoken":"1736243148_ee54b01b204d5737fd20e721fea28729ae349eef641b5f8383abaa38b7045b10","yb":1,"wstoken":"10611.jyYNAesu6fdU_-xoNhd33StegR0JwLRfBKSnR-VLDeMUkoNn9OyNP9ApzFRZS2mO5yXRLe7cux9dHSc8qLLEKdzz0vxufMMJCNWngJ2roEs,.sJXXL89UrTrYgJg93YEt_AXB0Ug,"},"userData":{}}