{"settings":{"auto_goals":1,"button_goals":0,"c_recp":"1.00000","form_goals":1,"pcs":"1","webvisor":{"arch_type":"none","date":"2024-08-25 00:08:44","forms":1,"recp":"0.22420"},"sbp": {"a":"UBMNpMs0geaoCfwa70q3nrGZyMRQ0tHvKxyuldXaZb9utu60iFAhgyPUrX3l6JjQ", "b":"EfrBXWySWdxam5Wn7zjMUOgrWgCFFxppfSaBJUuLrXXYNebPU7RxEzVt/NnLijjH"},"eu":0,"hittoken":"1736243324_97cb89181eeb07d42221804fe75cb865db59b4d22375b08e6742e965844fceaf","wstoken":"10611.ubcpCZqKWTDcWYUF-W9Knwwm6Ay9kmjVkf_FyeYh1b7oz_Ex20iM1nBgcbMDnN6tqo0qjy-6MH9pSBaD70oZQTYzNG4eZjwb712VtNuXKQc,.CP5lNzkHi1G_j1MfzjE2avJeT0g,"},"userData":{}}